simClock,height,poolId,blockId,prevId,timestamp,difficulty,nxtDifficulty,cumDifficulty,broadcast
1740700811,3357123,HH0,3357123_HH0,3357122_HH0,1740700811,492450576447,,428141294612320139,true
1740700910,3357124,HH0,3357124_HH0,3357123_HH0,1740700910,491507619086,,428141786119939225,true
1740700955,3357125,HH0,3357125_HH0,3357124_HH0,1740700955,492834225814,,428142278954165039,true
1740700992,3357126,HH0,3357126_HH0,3357125_HH0,1740700992,490994878215,,428142769949043254,true
1740701103,3357127,HH0,3357127_HH0,3357126_HH0,1740701103,489523260914,,428143259472304168,true
1740701124,3357128,HH0,3357128_HH0,3357127_HH0,1740701124,489055362901,,428143748527667069,true
1740701302,3357129,HH0,3357129_HH0,3357128_HH0,1740701302,490226043952,,428144238753711021,true
1740701473,3357130,HH0,3357130_HH0,3357129_HH0,1740701473,490218348764,,428144728972059785,true
1740701582,3357131,HH0,3357131_HH0,3357130_HH0,1740701582,486417287228,,428145215389347013,true
1740701594,3357132,HH0,3357132_HH0,3357131_HH0,1740701594,485344241359,,428145700733588372,true
1740701800,3357133,HH0,3357133_HH0,3357132_HH0,1740701800,485333134219,,428146186066722591,true
1740701808,3357134,HH0,3357134_HH0,3357133_HH0,1740701808,481622813372,,428146667689535963,true
1740701978,3357135,HH0,3357135_HH0,3357134_HH0,1740701978,483724684007,,428147151414219970,true
1740702136,3357136,HH0,3357136_HH0,3357135_HH0,1740702136,484744460663,,428147636158680633,true
1740702145,3357137,HH0,3357137_HH0,3357136_HH0,1740702145,485791167485,,428148121949848118,true
1740702159,3357138,HH0,3357138_HH0,3357137_HH0,1740702159,485860927272,,428148607810775390,true
1740702160,3357139,HH0,3357139_HH0,3357138_HH0,1740702160,486999220289,,428149094809995679,true
1740702373,3357140,HH0,3357140_HH0,3357139_HH0,1740702373,485339660657,,428149580149656336,true
1740702794,3357141,HH0,3357141_HH0,3357140_HH0,1740702794,486133902898,,428150066283559234,true
1740703037,3357142,HH0,3357142_HH0,3357141_HH0,1740703037,488432178474,,428150554715737708,true
1740703177,3357143,HH0,3357143_HH0,3357142_HH0,1740703177,488986594488,,428151043702332196,true
1740703213,3357144,HH0,3357144_HH0,3357143_HH0,1740703213,487755609003,,428151531457941199,true
1740703247,3357145,HH0,3357145_HH0,3357144_HH0,1740703247,486301922540,,428152017759863739,true
1740703468,3357146,HH0,3357146_HH0,3357145_HH0,1740703468,486727831410,,428152504487695149,true
1740703759,3357147,HH0,3357147_HH0,3357146_HH0,1740703759,486604208839,,428152991091903988,true
1740703762,3357148,HH0,3357148_HH0,3357147_HH0,1740703762,486232776383,,428153477324680371,true
1740703831,3357149,HH0,3357149_HH0,3357148_HH0,1740703831,485960789468,,428153963285469839,true
1740703951,3357150,HH0,3357150_HH0,3357149_HH0,1740703951,485780254480,,428154449065724319,true
1740704051,3357151,HH0,3357151_HH0,3357150_HH0,1740704051,486254179623,,428154935319903942,true
1740704054,3357152,HH0,3357152_HH0,3357151_HH0,1740704054,488197328392,,428155423517232334,true
1740704287,3357153,HH0,3357153_HH0,3357152_HH0,1740704287,488075837691,,428155911593070025,true
1740704309,3357154,HH0,3357154_HH0,3357153_HH0,1740704309,488395809147,,428156399988879172,true
1740704497,3357155,HH0,3357155_HH0,3357154_HH0,1740704497,491494724236,,428156891483603408,true
1740704497,3357156,HH0,3357156_HH0,3357155_HH0,1740704497,492133563730,,428157383617167138,true
1740704925,3357157,HH0,3357157_HH0,3357156_HH0,1740704925,491723253267,,428157875340420405,true
1740705085,3357158,HH0,3357158_HH0,3357157_HH0,1740705085,492976939887,,428158368317360292,true
1740705379,3357159,HH0,3357159_HH0,3357158_HH0,1740705379,492761347008,,428158861078707300,true
1740705475,3357160,HH0,3357160_HH0,3357159_HH0,1740705475,491787858285,,428159352866565585,true
1740705650,3357161,HH0,3357161_HH0,3357160_HH0,1740705650,492147354345,,428159845013919930,true
1740705715,3357162,HH0,3357162_HH0,3357161_HH0,1740705715,491189939793,,428160336203859723,true
1740705738,3357163,HH0,3357163_HH0,3357162_HH0,1740705738,490796293582,,428160827000153305,true
1740705742,3357164,HH0,3357164_HH0,3357163_HH0,1740705742,490832141888,,428161317832295193,true
1740705949,3357165,HH0,3357165_HH0,3357164_HH0,1740705949,491287232626,,428161809119527819,true
1740706237,3357166,HH0,3357166_HH0,3357165_HH0,1740706237,493046947252,,428162302166475071,true
1740706300,3357167,HH0,3357167_HH0,3357166_HH0,1740706300,493512795439,,428162795679270510,true
1740706389,3357168,HH0,3357168_HH0,3357167_HH0,1740706389,494124822674,,428163289804093184,true
1740706765,3357169,HH0,3357169_HH0,3357168_HH0,1740706765,493865721035,,428163783669814219,true
1740706791,3357170,HH0,3357170_HH0,3357169_HH0,1740706791,494546347598,,428164278216161817,true
1740706935,3357171,HH0,3357171_HH0,3357170_HH0,1740706935,493947977560,,428164772164139377,true
1740707332,3357172,HH0,3357172_HH0,3357171_HH0,1740707332,495318524059,,428165267482663436,true
1740707365,3357173,HH0,3357173_HH0,3357172_HH0,1740707365,494929260101,,428165762411923537,true
1740707416,3357174,HH0,3357174_HH0,3357173_HH0,1740707416,495578724331,,428166257990647868,true
1740707497,3357175,HH0,3357175_HH0,3357174_HH0,1740707497,495138066339,,428166753128714207,true
1740707820,3357176,HH0,3357176_HH0,3357175_HH0,1740707820,492800678301,,428167245929392508,true
1740708010,3357177,HH0,3357177_HH0,3357176_HH0,1740708010,492638578033,,428167738567970541,true
1740708266,3357178,HH0,3357178_HH0,3357177_HH0,1740708266,492201362146,,428168230769332687,true
1740708318,3357179,HH0,3357179_HH0,3357178_HH0,1740708318,496413206435,,428168727182539122,true
1740708515,3357180,HH0,3357180_HH0,3357179_HH0,1740708515,498370660153,,428169225553199275,true
1740708998,3357181,HH0,3357181_HH0,3357180_HH0,1740708998,499324750724,,428169724877949999,true
1740709268,3357182,HH0,3357182_HH0,3357181_HH0,1740709268,500855397752,,428170225733347751,true
1740709449,3357183,HH0,3357183_HH0,3357182_HH0,1740709449,500336968604,,428170726070316355,true
1740709497,3357184,HH0,3357184_HH0,3357183_HH0,1740709497,500679555935,,428171226749872290,true
1740709518,3357185,HH0,3357185_HH0,3357184_HH0,1740709518,499381658164,,428171726131530454,true
1740709752,3357186,HH0,3357186_HH0,3357185_HH0,1740709752,498577424673,,428172224708955127,true
1740709757,3357187,HH0,3357187_HH0,3357186_HH0,1740709757,498755755531,,428172723464710658,true
1740709850,3357188,HH0,3357188_HH0,3357187_HH0,1740709850,498669542180,,428173222134252838,true
1740709915,3357189,HH0,3357189_HH0,3357188_HH0,1740709915,498738855823,,428173720873108661,true
1740709974,3357190,HH0,3357190_HH0,3357189_HH0,1740709974,500545711089,,428174221418819750,true
1740709988,3357191,HH0,3357191_HH0,3357190_HH0,1740709988,499674675843,,428174721093495593,true
1740710239,3357192,HH0,3357192_HH0,3357191_HH0,1740710239,499571282177,,428175220664777770,true
1740710345,3357193,HH0,3357193_HH0,3357192_HH0,1740710345,500019865026,,428175720684642796,true
1740710413,3357194,HH0,3357194_HH0,3357193_HH0,1740710413,499812086166,,428176220496728962,true
1740710665,3357195,HH0,3357195_HH0,3357194_HH0,1740710665,500389616651,,428176720886345613,true
1740710668,3357196,HH0,3357196_HH0,3357195_HH0,1740710668,503498325628,,428177224384671241,true
1740710756,3357197,HH0,3357197_HH0,3357196_HH0,1740710756,504555167293,,428177728939838534,true
1740710758,3357198,HH0,3357198_HH0,3357197_HH0,1740710758,504636938421,,428178233576776955,true
1740710773,3357199,HH0,3357199_HH0,3357198_HH0,1740710773,503844682035,,428178737421458990,true
1740710847,3357200,HH0,3357200_HH0,3357199_HH0,1740710847,503793771664,,428179241215230654,true
1740710926,3357201,HH0,3357201_HH0,3357200_HH0,1740710926,504014545502,,428179745229776156,true
1740710932,3357202,HH0,3357202_HH0,3357201_HH0,1740710932,504055003339,,428180249284779495,true
1740711123,3357203,HH0,3357203_HH0,3357202_HH0,1740711123,503610841469,,428180752895620964,true
1740711225,3357204,HH0,3357204_HH0,3357203_HH0,1740711225,506504802328,,428181259400423292,true
1740711241,3357205,HH0,3357205_HH0,3357204_HH0,1740711241,505297541511,,428181764697964803,true
1740711405,3357206,HH0,3357206_HH0,3357205_HH0,1740711405,505154007383,,428182269851972186,true
1740711466,3357207,HH0,3357207_HH0,3357206_HH0,1740711466,508074785143,,428182777926757329,true
1740711522,3357208,HH0,3357208_HH0,3357207_HH0,1740711522,508337408050,,428183286264165379,true
1740711722,3357209,HH0,3357209_HH0,3357208_HH0,1740711722,508327881846,,428183794592047225,true
1740711952,3357210,HH0,3357210_HH0,3357209_HH0,1740711952,508413351247,,428184303005398472,true
1740712111,3357211,HH0,3357211_HH0,3357210_HH0,1740712111,508382619542,,428184811388018014,true
1740712176,3357212,HH0,3357212_HH0,3357211_HH0,1740712176,508210777128,,428185319598795142,true
1740712177,3357213,HH0,3357213_HH0,3357212_HH0,1740712177,508336478385,,428185827935273527,true
1740712416,3357214,HH0,3357214_HH0,3357213_HH0,1740712416,511286349490,,428186339221623017,true
1740712575,3357215,HH0,3357215_HH0,3357214_HH0,1740712575,511614178811,,428186850835801828,true
1740712655,3357216,HH0,3357216_HH0,3357215_HH0,1740712655,510843711216,,428187361679513044,true
1740712738,3357217,HH0,3357217_HH0,3357216_HH0,1740712738,508432402528,,428187870111915572,true
1740712745,3357218,HH0,3357218_HH0,3357217_HH0,1740712745,507147257682,,428188377259173254,true
1740713016,3357219,HH0,3357219_HH0,3357218_HH0,1740713016,506177518455,,428188883436691709,true
1740713078,3357220,HH0,3357220_HH0,3357219_HH0,1740713078,506940700185,,428189390377391894,true
1740713103,3357221,HH0,3357221_HH0,3357220_HH0,1740713103,507765184974,,428189898142576868,true
1740713403,3357222,HH0,3357222_HH0,3357221_HH0,1740713403,506618576644,,428190404761153512,true
1740713453,3357223,HH0,3357223_HH0,3357222_HH0,1740713453,504556855961,,428190909318009473,true
1740713507,3357224,HH0,3357224_HH0,3357223_HH0,1740713507,504796692916,,428191414114702389,true
1740713555,3357225,HH0,3357225_HH0,3357224_HH0,1740713555,504851965063,,428191918966667452,true
1740713641,3357226,HH0,3357226_HH0,3357225_HH0,1740713641,505896817425,,428192424863484877,true
1740714069,3357227,HH0,3357227_HH0,3357226_HH0,1740714069,506955317375,,428192931818802252,true
1740714111,3357228,HH0,3357228_HH0,3357227_HH0,1740714111,507010979330,,428193438829781582,true
1740714133,3357229,HH0,3357229_HH0,3357228_HH0,1740714133,505425467267,,428193944255248849,true
1740714181,3357230,HH0,3357230_HH0,3357229_HH0,1740714181,506494482641,,428194450749731490,true
1740714679,3357231,HH0,3357231_HH0,3357230_HH0,1740714679,506945128624,,428194957694860114,true
1740715058,3357232,HH0,3357232_HH0,3357231_HH0,1740715058,507051017690,,428195464745877804,true
1740715550,3357233,HH0,3357233_HH0,3357232_HH0,1740715550,504147043176,,428195968892920980,true
1740715766,3357234,HH0,3357234_HH0,3357233_HH0,1740715766,503567792147,,428196472460713127,true
1740715792,3357235,HH0,3357235_HH0,3357234_HH0,1740715792,501882108371,,428196974342821498,true
1740715810,3357236,HH0,3357236_HH0,3357235_HH0,1740715810,501312451992,,428197475655273490,true
1740715906,3357237,HH0,3357237_HH0,3357236_HH0,1740715906,500377522423,,428197976032795913,true
1740715978,3357238,HH0,3357238_HH0,3357237_HH0,1740715978,499988842104,,428198476021638017,true
1740715987,3357239,HH0,3357239_HH0,3357238_HH0,1740715987,500713909083,,428198976735547100,true
1740716062,3357240,HH0,3357240_HH0,3357239_HH0,1740716062,501546299379,,428199478281846479,true
1740716184,3357241,HH0,3357241_HH0,3357240_HH0,1740716184,500802467752,,428199979084314231,true
1740716253,3357242,HH0,3357242_HH0,3357241_HH0,1740716253,499070522745,,428200478154836976,true
1740716423,3357243,HH0,3357243_HH0,3357242_HH0,1740716423,498813420391,,428200976968257367,true
1740716517,3357244,HH0,3357244_HH0,3357243_HH0,1740716517,499537617462,,428201476505874829,true
1740716521,3357245,HH0,3357245_HH0,3357244_HH0,1740716521,499617232388,,428201976123107217,true
1740716668,3357246,HH0,3357246_HH0,3357245_HH0,1740716668,500643750859,,428202476766858076,true
1740716670,3357247,HH0,3357247_HH0,3357246_HH0,1740716670,499966784187,,428202976733642263,true
1740716675,3357248,HH0,3357248_HH0,3357247_HH0,1740716675,498869007257,,428203475602649520,true
1740716830,3357249,HH0,3357249_HH0,3357248_HH0,1740716830,498840302892,,428203974442952412,true
1740716939,3357250,HH0,3357250_HH0,3357249_HH0,1740716939,498718778959,,428204473161731371,true
1740717022,3357251,HH0,3357251_HH0,3357250_HH0,1740717022,500053160664,,428204973214892035,true
1740717150,3357252,HH0,3357252_HH0,3357251_HH0,1740717150,497830037247,,428205471044929282,true
1740717167,3357253,HH0,3357253_HH0,3357252_HH0,1740717167,497147621187,,428205968192550469,true
1740717219,3357254,HH0,3357254_HH0,3357253_HH0,1740717219,495574312409,,428206463766862878,true
1740717265,3357255,HH0,3357255_HH0,3357254_HH0,1740717265,495576252279,,428206959343115157,true
1740717493,3357256,HH0,3357256_HH0,3357255_HH0,1740717493,494250554502,,428207453593669659,true
1740717530,3357257,HH0,3357257_HH0,3357256_HH0,1740717530,491306557760,,428207944900227419,true
1740717836,3357258,HH0,3357258_HH0,3357257_HH0,1740717836,489580341327,,428208434480568746,true
1740717838,3357259,HH0,3357259_HH0,3357258_HH0,1740717838,488471830300,,428208922952399046,true
1740718164,3357260,HH0,3357260_HH0,3357259_HH0,1740718164,489193460699,,428209412145859745,true
1740718414,3357261,HH0,3357261_HH0,3357260_HH0,1740718414,490244158691,,428209902390018436,true
1740718421,3357262,HH0,3357262_HH0,3357261_HH0,1740718421,488919749510,,428210391309767946,true
1740718670,3357263,HH0,3357263_HH0,3357262_HH0,1740718670,489838260600,,428210881148028546,true
1740718874,3357264,HH0,3357264_HH0,3357263_HH0,1740718874,490422753068,,428211371570781614,true
1740718961,3357265,HH0,3357265_HH0,3357264_HH0,1740718961,490283875818,,428211861854657432,true
1740719092,3357266,HH0,3357266_HH0,3357265_HH0,1740719092,490437357141,,428212352292014573,true
1740719135,3357267,HH0,3357267_HH0,3357266_HH0,1740719135,491561163034,,428212843853177607,true
1740719312,3357268,HH0,3357268_HH0,3357267_HH0,1740719312,490900536168,,428213334753713775,true
1740719367,3357269,HH0,3357269_HH0,3357268_HH0,1740719367,491984887524,,428213826738601299,true
1740719635,3357270,HH0,3357270_HH0,3357269_HH0,1740719635,492377236522,,428214319115837821,true
1740719661,3357271,HH0,3357271_HH0,3357270_HH0,1740719661,490714321567,,428214809830159388,true
1740719851,3357272,HH0,3357272_HH0,3357271_HH0,1740719851,491207244208,,428215301037403596,true
1740719860,3357273,HH0,3357273_HH0,3357272_HH0,1740719860,491480788817,,428215792518192413,true
1740720046,3357274,HH0,3357274_HH0,3357273_HH0,1740720046,494227635065,,428216286745827478,true
1740720057,3357275,HH0,3357275_HH0,3357274_HH0,1740720057,494991931096,,428216781737758574,true
1740720296,3357276,HH0,3357276_HH0,3357275_HH0,1740720296,495190684453,,428217276928443027,true
1740720335,3357277,HH0,3357277_HH0,3357276_HH0,1740720335,494725538990,,428217771653982017,true
1740720434,3357278,HH0,3357278_HH0,3357277_HH0,1740720434,497087278028,,428218268741260045,true
1740720597,3357279,HH0,3357279_HH0,3357278_HH0,1740720597,496947298366,,428218765688558411,true
1740720824,3357280,HH0,3357280_HH0,3357279_HH0,1740720824,497096003903,,428219262784562314,true
1740720849,3357281,HH0,3357281_HH0,3357280_HH0,1740720849,497101517673,,428219759886079987,true
1740720937,3357282,HH0,3357282_HH0,3357281_HH0,1740720937,496065386294,,428220255951466281,true
1740720980,3357283,HH0,3357283_HH0,3357282_HH0,1740720980,496874855648,,428220752826321929,true
1740721104,3357284,HH0,3357284_HH0,3357283_HH0,1740721104,496736919426,,428221249563241355,true
1740721286,3357285,HH0,3357285_HH0,3357284_HH0,1740721286,496665818612,,428221746229059967,true
1740721287,3357286,HH0,3357286_HH0,3357285_HH0,1740721287,495189813651,,428222241418873618,true
1740721500,3357287,HH0,3357287_HH0,3357286_HH0,1740721500,494232600047,,428222735651473665,true
1740721504,3357288,HH0,3357288_HH0,3357287_HH0,1740721504,494897935589,,428223230549409254,true
1740721537,3357289,HH0,3357289_HH0,3357288_HH0,1740721537,495857107048,,428223726406516302,true
1740721796,3357290,HH0,3357290_HH0,3357289_HH0,1740721796,495058271844,,428224221464788146,true
1740721803,3357291,HH0,3357291_HH0,3357290_HH0,1740721803,494313585414,,428224715778373560,true
1740721812,3357292,HH0,3357292_HH0,3357291_HH0,1740721812,494309611057,,428225210087984617,true
1740722229,3357293,HH0,3357293_HH0,3357292_HH0,1740722229,494974089222,,428225705062073839,true
1740722586,3357294,HH0,3357294_HH0,3357293_HH0,1740722586,495323707723,,428226200385781562,true
1740722699,3357295,HH0,3357295_HH0,3357294_HH0,1740722699,493643814187,,428226694029595749,true
1740723290,3357296,HH0,3357296_HH0,3357295_HH0,1740723290,494374443101,,428227188404038850,true
1740723649,3357297,HH0,3357297_HH0,3357296_HH0,1740723649,495110527823,,428227683514566673,true
1740723741,3357298,HH0,3357298_HH0,3357297_HH0,1740723741,493088029950,,428228176602596623,true
1740723748,3357299,HH0,3357299_HH0,3357298_HH0,1740723748,494382980932,,428228670985577555,true
1740723841,3357300,HH0,3357300_HH0,3357299_HH0,1740723841,494412412697,,428229165397990252,true
1740724256,3357301,HH0,3357301_HH0,3357300_HH0,1740724256,494703079606,,428229660101069858,true
1740724323,3357302,HH0,3357302_HH0,3357301_HH0,1740724323,495223299985,,428230155324369843,true
1740724537,3357303,HH0,3357303_HH0,3357302_HH0,1740724537,492272574621,,428230647596944464,true
1740724618,3357304,HH0,3357304_HH0,3357303_HH0,1740724618,492370923742,,428231139967868206,true
1740724779,3357305,HH0,3357305_HH0,3357304_HH0,1740724779,492818692739,,428231632786560945,true
1740724842,3357306,HH0,3357306_HH0,3357305_HH0,1740724842,493368977089,,428232126155538034,true
1740724949,3357307,HH0,3357307_HH0,3357306_HH0,1740724949,490364460689,,428232616519998723,true
1740724985,3357308,HH0,3357308_HH0,3357307_HH0,1740724985,488264285960,,428233104784284683,true
1740725035,3357309,HH0,3357309_HH0,3357308_HH0,1740725035,485032760164,,428233589817044847,true
1740725204,3357310,HH0,3357310_HH0,3357309_HH0,1740725204,486646310043,,428234076463354890,true
1740725249,3357311,HH0,3357311_HH0,3357310_HH0,1740725249,486859831305,,428234563323186195,true
1740725367,3357312,HH0,3357312_HH0,3357311_HH0,1740725367,487647261222,,428235050970447417,true
1740725430,3357313,HH0,3357313_HH0,3357312_HH0,1740725430,487891371033,,428235538861818450,true
1740725497,3357314,HH0,3357314_HH0,3357313_HH0,1740725497,488866636810,,428236027728455260,true
1740725529,3357315,HH0,3357315_HH0,3357314_HH0,1740725529,489790535608,,428236517518990868,true
1740725559,3357316,HH0,3357316_HH0,3357315_HH0,1740725559,489525877358,,428237007044868226,true
1740725605,3357317,HH0,3357317_HH0,3357316_HH0,1740725605,489947324312,,428237496992192538,true
1740725849,3357318,HH0,3357318_HH0,3357317_HH0,1740725849,492896209733,,428237989888402271,true
1740725909,3357319,HH0,3357319_HH0,3357318_HH0,1740725909,493210376531,,428238483098778802,true
1740726021,3357320,HH0,3357320_HH0,3357319_HH0,1740726021,493520033740,,428238976618812542,true
1740726188,3357321,HH0,3357321_HH0,3357320_HH0,1740726188,493903615304,,428239470522427846,true
1740726542,3357322,HH0,3357322_HH0,3357321_HH0,1740726542,493210023555,,428239963732451401,true
1740726583,3357323,HH0,3357323_HH0,3357322_HH0,1740726583,493443820505,,428240457176271906,true
1740726617,3357324,HH0,3357324_HH0,3357323_HH0,1740726617,494499103106,,428240951675375012,true
1740726660,3357325,HH0,3357325_HH0,3357324_HH0,1740726660,494140076358,,428241445815451370,true
1740726661,3357326,HH0,3357326_HH0,3357325_HH0,1740726661,495470160557,,428241941285611927,true
1740726762,3357327,HH0,3357327_HH0,3357326_HH0,1740726762,495851930412,,428242437137542339,true
1740726767,3357328,HH0,3357328_HH0,3357327_HH0,1740726767,495379462912,,428242932517005251,true
1740726794,3357329,HH0,3357329_HH0,3357328_HH0,1740726794,495557469172,,428243428074474423,true
1740726800,3357330,HH0,3357330_HH0,3357329_HH0,1740726800,495262208484,,428243923336682907,true
1740727108,3357331,HH0,3357331_HH0,3357330_HH0,1740727108,497474000433,,428244420810683340,true
1740727176,3357332,HH0,3357332_HH0,3357331_HH0,1740727176,495907940291,,428244916718623631,true
1740727187,3357333,HH0,3357333_HH0,3357332_HH0,1740727187,496926859462,,428245413645483093,true
1740727204,3357334,HH0,3357334_HH0,3357333_HH0,1740727204,496900357326,,428245910545840419,true
1740727344,3357335,HH0,3357335_HH0,3357334_HH0,1740727344,497316408798,,428246407862249217,true
1740727398,3357336,HH0,3357336_HH0,3357335_HH0,1740727398,496220662992,,428246904082912209,true
1740727406,3357337,HH0,3357337_HH0,3357336_HH0,1740727406,494497977181,,428247398580889390,true
1740727572,3357338,HH0,3357338_HH0,3357337_HH0,1740727572,494949875879,,428247893530765269,true
1740727928,3357339,HH0,3357339_HH0,3357338_HH0,1740727928,496318476237,,428248389849241506,true
1740728118,3357340,HH0,3357340_HH0,3357339_HH0,1740728118,495153921115,,428248885003162621,true
1740728149,3357341,HH0,3357341_HH0,3357340_HH0,1740728149,495220430875,,428249380223593496,true
1740728260,3357342,HH0,3357342_HH0,3357341_HH0,1740728260,494500938490,,428249874724531986,true
1740728324,3357343,HH0,3357343_HH0,3357342_HH0,1740728324,494267816379,,428250368992348365,true
1740728337,3357344,HH0,3357344_HH0,3357343_HH0,1740728337,493640148076,,428250862632496441,true
1740728435,3357345,HH0,3357345_HH0,3357344_HH0,1740728435,495854244187,,428251358486740628,true
1740728440,3357346,HH0,3357346_HH0,3357345_HH0,1740728440,494024442746,,428251852511183374,true
1740728635,3357347,HH0,3357347_HH0,3357346_HH0,1740728635,494706874198,,428252347218057572,true
1740728732,3357348,HH0,3357348_HH0,3357347_HH0,1740728732,494534298604,,428252841752356176,true
1740728740,3357349,HH0,3357349_HH0,3357348_HH0,1740728740,496326183551,,428253338078539727,true
1740728787,3357350,HH0,3357350_HH0,3357349_HH0,1740728787,497641418414,,428253835719958141,true
1740728869,3357351,HH0,3357351_HH0,3357350_HH0,1740728869,498408588350,,428254334128546491,true
1740728942,3357352,HH0,3357352_HH0,3357351_HH0,1740728942,496960235274,,428254831088781765,true
1740728987,3357353,HH0,3357353_HH0,3357352_HH0,1740728987,497359893002,,428255328448674767,true
1740729020,3357354,HH0,3357354_HH0,3357353_HH0,1740729020,496989088868,,428255825437763635,true
1740729432,3357355,HH0,3357355_HH0,3357354_HH0,1740729432,496177623143,,428256321615386778,true
1740729442,3357356,HH0,3357356_HH0,3357355_HH0,1740729442,495066909017,,428256816682295795,true
1740729659,3357357,HH0,3357357_HH0,3357356_HH0,1740729659,495580323912,,428257312262619707,true
1740729948,3357358,HH0,3357358_HH0,3357357_HH0,1740729948,495486160604,,428257807748780311,true
1740730140,3357359,HH0,3357359_HH0,3357358_HH0,1740730140,496877265651,,428258304626045962,true
1740730295,3357360,HH0,3357360_HH0,3357359_HH0,1740730295,496204910361,,428258800830956323,true
1740730365,3357361,HH0,3357361_HH0,3357360_HH0,1740730365,495796056076,,428259296627012399,true
1740730368,3357362,HH0,3357362_HH0,3357361_HH0,1740730368,496656980064,,428259793283992463,true
1740730508,3357363,HH0,3357363_HH0,3357362_HH0,1740730508,496372334735,,428260289656327198,true
1740730540,3357364,HH0,3357364_HH0,3357363_HH0,1740730540,496900744403,,428260786557071601,true
1740730690,3357365,HH0,3357365_HH0,3357364_HH0,1740730690,496961313330,,428261283518384931,true
1740730759,3357366,HH0,3357366_HH0,3357365_HH0,1740730759,495905918829,,428261779424303760,true
1740730988,3357367,HH0,3357367_HH0,3357366_HH0,1740730988,496641173565,,428262276065477325,true
1740731064,3357368,HH0,3357368_HH0,3357367_HH0,1740731064,498723272714,,428262774788750039,true
1740731224,3357369,HH0,3357369_HH0,3357368_HH0,1740731224,496733981946,,428263271522731985,true
1740731265,3357370,HH0,3357370_HH0,3357369_HH0,1740731265,494710978892,,428263766233710877,true
1740731453,3357371,HH0,3357371_HH0,3357370_HH0,1740731453,494623339169,,428264260857050046,true
1740731496,3357372,HH0,3357372_HH0,3357371_HH0,1740731496,491162994117,,428264752020044163,true
1740731655,3357373,HH0,3357373_HH0,3357372_HH0,1740731655,489560131000,,428265241580175163,true
1740731845,3357374,HH0,3357374_HH0,3357373_HH0,1740731845,489083609250,,428265730663784413,true
1740731871,3357375,HH0,3357375_HH0,3357374_HH0,1740731871,490691811036,,428266221355595449,true
1740731874,3357376,HH0,3357376_HH0,3357375_HH0,1740731874,491020158713,,428266712375754162,true
1740731943,3357377,HH0,3357377_HH0,3357376_HH0,1740731943,488634758025,,428267201010512187,true
1740731949,3357378,HH0,3357378_HH0,3357377_HH0,1740731949,489566034850,,428267690576547037,true
1740732120,3357379,HH0,3357379_HH0,3357378_HH0,1740732120,488174532424,,428268178751079461,true
1740732664,3357380,HH0,3357380_HH0,3357379_HH0,1740732664,487918271068,,428268666669350529,true
1740732868,3357381,HH0,3357381_HH0,3357380_HH0,1740732868,487364232892,,428269154033583421,true
1740733040,3357382,HH0,3357382_HH0,3357381_HH0,1740733040,487362254044,,428269641395837465,true
1740733069,3357383,HH0,3357383_HH0,3357382_HH0,1740733069,487724472376,,428270129120309841,true
1740733074,3357384,HH0,3357384_HH0,3357383_HH0,1740733074,487728544607,,428270616848854448,true
1740733221,3357385,HH0,3357385_HH0,3357384_HH0,1740733221,489016136330,,428271105864990778,true
1740733459,3357386,HH0,3357386_HH0,3357385_HH0,1740733459,488704349593,,428271594569340371,true
1740733539,3357387,HH0,3357387_HH0,3357386_HH0,1740733539,488922353147,,428272083491693518,true
1740733585,3357388,HH0,3357388_HH0,3357387_HH0,1740733585,490232219349,,428272573723912867,true
1740733594,3357389,HH0,3357389_HH0,3357388_HH0,1740733594,490328752022,,428273064052664889,true
1740733622,3357390,HH0,3357390_HH0,3357389_HH0,1740733622,489992933963,,428273554045598852,true
1740733737,3357391,HH0,3357391_HH0,3357390_HH0,1740733737,490741973991,,428274044787572843,true
1740733778,3357392,HH0,3357392_HH0,3357391_HH0,1740733778,491130819138,,428274535918391981,true
1740733840,3357393,HH0,3357393_HH0,3357392_HH0,1740733840,491663600413,,428275027581992394,true
1740733951,3357394,HH0,3357394_HH0,3357393_HH0,1740733951,491401661421,,428275518983653815,true
1740734113,3357395,HH0,3357395_HH0,3357394_HH0,1740734113,491162291692,,428276010145945507,true
1740734226,3357396,HH0,3357396_HH0,3357395_HH0,1740734226,490674148968,,428276500820094475,true
1740734233,3357397,HH0,3357397_HH0,3357396_HH0,1740734233,490286062748,,428276991106157223,true
1740734454,3357398,HH0,3357398_HH0,3357397_HH0,1740734454,487970380592,,428277479076537815,true
1740734714,3357399,HH0,3357399_HH0,3357398_HH0,1740734714,488030198196,,428277967106736011,true
1740734757,3357400,HH0,3357400_HH0,3357399_HH0,1740734757,488057936068,,428278455164672079,true
1740734763,3357401,HH0,3357401_HH0,3357400_HH0,1740734763,488809646668,,428278943974318747,true
1740734767,3357402,HH0,3357402_HH0,3357401_HH0,1740734767,489196956270,,428279433171275017,true
1740734768,3357403,HH0,3357403_HH0,3357402_HH0,1740734768,489153076487,,428279922324351504,true
1740734791,3357404,HH0,3357404_HH0,3357403_HH0,1740734791,490038430415,,428280412362781919,true
1740734968,3357405,HH0,3357405_HH0,3357404_HH0,1740734968,490281450595,,428280902644232514,true
1740734978,3357406,HH0,3357406_HH0,3357405_HH0,1740734978,490965650373,,428281393609882887,true
1740735395,3357407,HH0,3357407_HH0,3357406_HH0,1740735395,489022811717,,428281882632694604,true
1740735400,3357408,HH0,3357408_HH0,3357407_HH0,1740735400,491375413318,,428282374008107922,true
1740735440,3357409,HH0,3357409_HH0,3357408_HH0,1740735440,491551795828,,428282865559903750,true
1740735469,3357410,HH0,3357410_HH0,3357409_HH0,1740735469,491694071303,,428283357253975053,true
1740735566,3357411,HH0,3357411_HH0,3357410_HH0,1740735566,490993381728,,428283848247356781,true
1740735653,3357412,HH0,3357412_HH0,3357411_HH0,1740735653,490889091741,,428284339136448522,true
1740735679,3357413,HH0,3357413_HH0,3357412_HH0,1740735679,490923129853,,428284830059578375,true
1740735801,3357414,HH0,3357414_HH0,3357413_HH0,1740735801,490131846778,,428285320191425153,true
1740735834,3357415,HH0,3357415_HH0,3357414_HH0,1740735834,487799708462,,428285807991133615,true
1740735877,3357416,HH0,3357416_HH0,3357415_HH0,1740735877,488185756946,,428286296176890561,true
1740735990,3357417,HH0,3357417_HH0,3357416_HH0,1740735990,488085769743,,428286784262660304,true
1740736033,3357418,HH0,3357418_HH0,3357417_HH0,1740736033,489408531902,,428287273671192206,true
1740736162,3357419,HH0,3357419_HH0,3357418_HH0,1740736162,489151216194,,428287762822408400,true
1740736226,3357420,HH0,3357420_HH0,3357419_HH0,1740736226,489199916130,,428288252022324530,true
1740736261,3357421,HH0,3357421_HH0,3357420_HH0,1740736261,488671032959,,428288740693357489,true
1740736412,3357422,HH0,3357422_HH0,3357421_HH0,1740736412,488757627958,,428289229450985447,true
1740736464,3357423,HH0,3357423_HH0,3357422_HH0,1740736464,488175658282,,428289717626643729,true
1740736469,3357424,HH0,3357424_HH0,3357423_HH0,1740736469,488815084343,,428290206441728072,true
1740736526,3357425,HH0,3357425_HH0,3357424_HH0,1740736526,489278691258,,428290695720419330,true
1740736597,3357426,HH0,3357426_HH0,3357425_HH0,1740736597,489518745244,,428291185239164574,true
1740736733,3357427,HH0,3357427_HH0,3357426_HH0,1740736733,489627315082,,428291674866479656,true
1740736740,3357428,HH0,3357428_HH0,3357427_HH0,1740736740,489235196001,,428292164101675657,true
1740736748,3357429,HH0,3357429_HH0,3357428_HH0,1740736748,490251299513,,428292654352975170,true
1740736901,3357430,HH0,3357430_HH0,3357429_HH0,1740736901,490374336534,,428293144727311704,true
1740736916,3357431,HH0,3357431_HH0,3357430_HH0,1740736916,488368127025,,428293633095438729,true
1740737025,3357432,HH0,3357432_HH0,3357431_HH0,1740737025,488924290889,,428294122019729618,true
1740737070,3357433,HH0,3357433_HH0,3357432_HH0,1740737070,487680044759,,428294609699774377,true
1740737213,3357434,HH0,3357434_HH0,3357433_HH0,1740737213,486400357847,,428295096100132224,true
1740737232,3357435,HH0,3357435_HH0,3357434_HH0,1740737232,485206941065,,428295581307073289,true
1740737306,3357436,HH0,3357436_HH0,3357435_HH0,1740737306,484752918824,,428296066059992113,true
1740737360,3357437,HH0,3357437_HH0,3357436_HH0,1740737360,484401996059,,428296550461988172,true
1740737641,3357438,HH0,3357438_HH0,3357437_HH0,1740737641,484556952877,,428297035018941049,true
1740737690,3357439,HH0,3357439_HH0,3357438_HH0,1740737690,483985001455,,428297519003942504,true
1740737832,3357440,HH0,3357440_HH0,3357439_HH0,1740737832,484338229178,,428298003342171682,true
1740737896,3357441,HH0,3357441_HH0,3357440_HH0,1740737896,483428990244,,428298486771161926,true
1740737947,3357442,HH0,3357442_HH0,3357441_HH0,1740737947,484465057677,,428298971236219603,true
1740738051,3357443,HH0,3357443_HH0,3357442_HH0,1740738051,483533829340,,428299454770048943,true
1740738186,3357444,HH0,3357444_HH0,3357443_HH0,1740738186,483191853469,,428299937961902412,true
1740738188,3357445,HH0,3357445_HH0,3357444_HH0,1740738188,482222907620,,428300420184810032,true
1740738359,3357446,HH0,3357446_HH0,3357445_HH0,1740738359,482943069033,,428300903127879065,true
1740738721,3357447,HH0,3357447_HH0,3357446_HH0,1740738721,481937580904,,428301385065459969,true
1740738828,3357448,HH0,3357448_HH0,3357447_HH0,1740738828,482605074253,,428301867670534222,true
1740739028,3357449,HH0,3357449_HH0,3357448_HH0,1740739028,481702098370,,428302349372632592,true
1740739106,3357450,HH0,3357450_HH0,3357449_HH0,1740739106,482251204228,,428302831623836820,true
1740739212,3357451,HH0,3357451_HH0,3357450_HH0,1740739212,482678063295,,428303314301900115,true
1740739302,3357452,HH0,3357452_HH0,3357451_HH0,1740739302,482998638596,,428303797300538711,true
1740739320,3357453,HH0,3357453_HH0,3357452_HH0,1740739320,483234233999,,428304280534772710,true
1740739760,3357454,HH0,3357454_HH0,3357453_HH0,1740739760,484835744596,,428304765370517306,true
1740739808,3357455,HH0,3357455_HH0,3357454_HH0,1740739808,484678478166,,428305250048995472,true
1740740032,3357456,HH0,3357456_HH0,3357455_HH0,1740740032,481564860338,,428305731613855810,true
1740740090,3357457,HH0,3357457_HH0,3357456_HH0,1740740090,480559228059,,428306212173083869,true
1740740181,3357458,HH0,3357458_HH0,3357457_HH0,1740740181,479931217257,,428306692104301126,true
1740740220,3357459,HH0,3357459_HH0,3357458_HH0,1740740220,482603305015,,428307174707606141,true
1740740256,3357460,HH0,3357460_HH0,3357459_HH0,1740740256,483674490688,,428307658382096829,true
1740740476,3357461,HH0,3357461_HH0,3357460_HH0,1740740476,483035231671,,428308141417328500,true
1740740581,3357462,HH0,3357462_HH0,3357461_HH0,1740740581,481617897761,,428308623035226261,true
1740740590,3357463,HH0,3357463_HH0,3357462_HH0,1740740590,481177198809,,428309104212425070,true
1740740643,3357464,HH0,3357464_HH0,3357463_HH0,1740740643,485815787286,,428309590028212356,true
1740740667,3357465,HH0,3357465_HH0,3357464_HH0,1740740667,487395028357,,428310077423240713,true
1740740678,3357466,HH0,3357466_HH0,3357465_HH0,1740740678,487310434192,,428310564733674905,true
1740740986,3357467,HH0,3357467_HH0,3357466_HH0,1740740986,487666156300,,428311052399831205,true
1740741006,3357468,HH0,3357468_HH0,3357467_HH0,1740741006,488567491839,,428311540967323044,true
1740741050,3357469,HH0,3357469_HH0,3357468_HH0,1740741050,488431148405,,428312029398471449,true
1740741118,3357470,HH0,3357470_HH0,3357469_HH0,1740741118,488176777385,,428312517575248834,true
1740741195,3357471,HH0,3357471_HH0,3357470_HH0,1740741195,487932286290,,428313005507535124,true
1740741353,3357472,HH0,3357472_HH0,3357471_HH0,1740741353,487323506777,,428313492831041901,true
1740741524,3357473,HH0,3357473_HH0,3357472_HH0,1740741524,487626356331,,428313980457398232,true
1740741736,3357474,HH0,3357474_HH0,3357473_HH0,1740741736,486890173675,,428314467347571907,true
1740741854,3357475,HH0,3357475_HH0,3357474_HH0,1740741854,485202932261,,428314952550504168,true
1740741900,3357476,HH0,3357476_HH0,3357475_HH0,1740741900,485360001747,,428315437910505915,true
1740741905,3357477,HH0,3357477_HH0,3357476_HH0,1740741905,487903147370,,428315925813653285,true
1740741937,3357478,HH0,3357478_HH0,3357477_HH0,1740741937,488166952507,,428316413980605792,true
1740742071,3357479,HH0,3357479_HH0,3357478_HH0,1740742071,488588797943,,428316902569403735,true
1740742160,3357480,HH0,3357480_HH0,3357479_HH0,1740742160,489296462273,,428317391865866008,true
1740742229,3357481,HH0,3357481_HH0,3357480_HH0,1740742229,490809642748,,428317882675508756,true
1740742392,3357482,HH0,3357482_HH0,3357481_HH0,1740742392,492676223343,,428318375351732099,true
1740742402,3357483,HH0,3357483_HH0,3357482_HH0,1740742402,489869496102,,428318865221228201,true
1740742590,3357484,HH0,3357484_HH0,3357483_HH0,1740742590,491210888342,,428319356432116543,true
1740742664,3357485,HH0,3357485_HH0,3357484_HH0,1740742664,491089057191,,428319847521173734,true
1740742710,3357486,HH0,3357486_HH0,3357485_HH0,1740742710,491146893210,,428320338668066944,true
1740742740,3357487,HH0,3357487_HH0,3357486_HH0,1740742740,490729216741,,428320829397283685,true
1740742756,3357488,HH0,3357488_HH0,3357487_HH0,1740742756,491219272356,,428321320616556041,true
1740742975,3357489,HH0,3357489_HH0,3357488_HH0,1740742975,492595721345,,428321813212277386,true
1740743051,3357490,HH0,3357490_HH0,3357489_HH0,1740743051,492178509625,,428322305390787011,true
1740743074,3357491,HH0,3357491_HH0,3357490_HH0,1740743074,492377526305,,428322797768313316,true
1740743080,3357492,HH0,3357492_HH0,3357491_HH0,1740743080,492251193485,,428323290019506801,true
1740743196,3357493,HH0,3357493_HH0,3357492_HH0,1740743196,492019579311,,428323782039086112,true
1740743425,3357494,HH0,3357494_HH0,3357493_HH0,1740743425,493510754432,,428324275549840544,true
1740743471,3357495,HH0,3357495_HH0,3357494_HH0,1740743471,493467839611,,428324769017680155,true
1740743495,3357496,HH0,3357496_HH0,3357495_HH0,1740743495,493516149916,,428325262533830071,true
1740743516,3357497,HH0,3357497_HH0,3357496_HH0,1740743516,494503505631,,428325757037335702,true
1740743605,3357498,HH0,3357498_HH0,3357497_HH0,1740743605,493790258869,,428326250827594571,true
1740743652,3357499,HH0,3357499_HH0,3357498_HH0,1740743652,493706440030,,428326744534034601,true
1740743808,3357500,HH0,3357500_HH0,3357499_HH0,1740743808,495219839373,,428327239753873974,true
1740744096,3357501,HH0,3357501_HH0,3357500_HH0,1740744096,494997741104,,428327734751615078,true
1740744109,3357502,HH0,3357502_HH0,3357501_HH0,1740744109,496460425386,,428328231212040464,true
1740744170,3357503,HH0,3357503_HH0,3357502_HH0,1740744170,495910128492,,428328727122168956,true
1740744203,3357504,HH0,3357504_HH0,3357503_HH0,1740744203,496418957561,,428329223541126517,true
1740744207,3357505,HH0,3357505_HH0,3357504_HH0,1740744207,496661271680,,428329720202398197,true
1740744310,3357506,HH0,3357506_HH0,3357505_HH0,1740744310,495955245164,,428330216157643361,true
1740744328,3357507,HH0,3357507_HH0,3357506_HH0,1740744328,495982234273,,428330712139877634,true
1740744333,3357508,HH0,3357508_HH0,3357507_HH0,1740744333,495783772758,,428331207923650392,true
1740744336,3357509,HH0,3357509_HH0,3357508_HH0,1740744336,495582627881,,428331703506278273,true
1740744481,3357510,HH0,3357510_HH0,3357509_HH0,1740744481,499350033072,,428332202856311345,true
1740744974,3357511,HH0,3357511_HH0,3357510_HH0,1740744974,500457521114,,428332703313832459,true
1740744997,3357512,HH0,3357512_HH0,3357511_HH0,1740744997,500215265336,,428333203529097795,true
1740745129,3357513,HH0,3357513_HH0,3357512_HH0,1740745129,500581819099,,428333704110916894,true
1740745224,3357514,HH0,3357514_HH0,3357513_HH0,1740745224,498988212921,,428334203099129815,true
1740745229,3357515,HH0,3357515_HH0,3357514_HH0,1740745229,499106962899,,428334702206092714,true
1740745376,3357516,HH0,3357516_HH0,3357515_HH0,1740745376,498732874865,,428335200938967579,true
1740745446,3357517,HH0,3357517_HH0,3357516_HH0,1740745446,499078731577,,428335700017699156,true
1740745791,3357518,HH0,3357518_HH0,3357517_HH0,1740745791,499234743907,,428336199252443063,true
1740745807,3357519,HH0,3357519_HH0,3357518_HH0,1740745807,498582738251,,428336697835181314,true
1740745836,3357520,HH0,3357520_HH0,3357519_HH0,1740745836,498052344463,,428337195887525777,true
1740745949,3357521,HH0,3357521_HH0,3357520_HH0,1740745949,499552405753,,428337695439931530,true
1740746139,3357522,HH0,3357522_HH0,3357521_HH0,1740746139,498385396529,,428338193825328059,true
1740746192,3357523,HH0,3357523_HH0,3357522_HH0,1740746192,496432982413,,428338690258310472,true
1740746254,3357524,HH0,3357524_HH0,3357523_HH0,1740746254,495736119414,,428339185994429886,true
1740746370,3357525,HH0,3357525_HH0,3357524_HH0,1740746370,494474659812,,428339680469089698,true
1740746396,3357526,HH0,3357526_HH0,3357525_HH0,1740746396,494886337743,,428340175355427441,true
1740746419,3357527,HH0,3357527_HH0,3357526_HH0,1740746419,494701974608,,428340670057402049,true
1740746468,3357528,HH0,3357528_HH0,3357527_HH0,1740746468,494193615292,,428341164251017341,true
1740746469,3357529,HH0,3357529_HH0,3357528_HH0,1740746469,494141682771,,428341658392700112,true
1740746474,3357530,HH0,3357530_HH0,3357529_HH0,1740746474,492093441911,,428342150486142023,true
1740746648,3357531,HH0,3357531_HH0,3357530_HH0,1740746648,492006259016,,428342642492401039,true
1740746864,3357532,HH0,3357532_HH0,3357531_HH0,1740746864,490626195640,,428343133118596679,true
1740746944,3357533,HH0,3357533_HH0,3357532_HH0,1740746944,492423085688,,428343625541682367,true
1740747011,3357534,HH0,3357534_HH0,3357533_HH0,1740747011,491883959211,,428344117425641578,true
1740747218,3357535,HH0,3357535_HH0,3357534_HH0,1740747218,492360088828,,428344609785730406,true
1740747362,3357536,HH0,3357536_HH0,3357535_HH0,1740747362,492899819246,,428345102685549652,true
1740747470,3357537,HH0,3357537_HH0,3357536_HH0,1740747470,491575455780,,428345594261005432,true
1740747516,3357538,HH0,3357538_HH0,3357537_HH0,1740747516,491796813868,,428346086057819300,true
1740747561,3357539,HH0,3357539_HH0,3357538_HH0,1740747561,493805992676,,428346579863811976,true
1740747579,3357540,HH0,3357540_HH0,3357539_HH0,1740747579,494104676988,,428347073968488964,true
1740747745,3357541,HH0,3357541_HH0,3357540_HH0,1740747745,494226461216,,428347568194950180,true
1740747794,3357542,HH0,3357542_HH0,3357541_HH0,1740747794,494978415223,,428348063173365403,true
1740748330,3357543,HH0,3357543_HH0,3357542_HH0,1740748330,493581133628,,428348556754499031,true
1740748438,3357544,HH0,3357544_HH0,3357543_HH0,1740748438,493970906278,,428349050725405309,true
1740748748,3357545,HH0,3357545_HH0,3357544_HH0,1740748748,494647090793,,428349545372496102,true
1740748955,3357546,HH0,3357546_HH0,3357545_HH0,1740748955,494478265536,,428350039850761638,true
1740749152,3357547,HH0,3357547_HH0,3357546_HH0,1740749152,494134591847,,428350533985353485,true
1740749324,3357548,HH0,3357548_HH0,3357547_HH0,1740749324,493790171084,,428351027775524569,true
1740749407,3357549,HH0,3357549_HH0,3357548_HH0,1740749407,493508591840,,428351521284116409,true
1740749445,3357550,HH0,3357550_HH0,3357549_HH0,1740749445,493722250563,,428352015006366972,true
1740749464,3357551,HH0,3357551_HH0,3357550_HH0,1740749464,493486052191,,428352508492419163,true
1740749533,3357552,HH0,3357552_HH0,3357551_HH0,1740749533,493222632030,,428353001715051193,true
1740749538,3357553,HH0,3357553_HH0,3357552_HH0,1740749538,494979267375,,428353496694318568,true
1740749902,3357554,HH0,3357554_HH0,3357553_HH0,1740749902,495177075708,,428353991871394276,true
1740749943,3357555,HH0,3357555_HH0,3357554_HH0,1740749943,494314966327,,428354486186360603,true
1740749970,3357556,HH0,3357556_HH0,3357555_HH0,1740749970,494322468647,,428354980508829250,true
1740750053,3357557,HH0,3357557_HH0,3357556_HH0,1740750053,494382816270,,428355474891645520,true
1740750103,3357558,HH0,3357558_HH0,3357557_HH0,1740750103,493910571229,,428355968802216749,true
1740750457,3357559,HH0,3357559_HH0,3357558_HH0,1740750457,496208576508,,428356465010793257,true
1740750552,3357560,HH0,3357560_HH0,3357559_HH0,1740750552,495457361893,,428356960468155150,true
1740750632,3357561,HH0,3357561_HH0,3357560_HH0,1740750632,496532647618,,428357457000802768,true
1740750678,3357562,HH0,3357562_HH0,3357561_HH0,1740750678,496771360139,,428357953772162907,true
1740750785,3357563,HH0,3357563_HH0,3357562_HH0,1740750785,496726742646,,428358450498905553,true
1740750787,3357564,HH0,3357564_HH0,3357563_HH0,1740750787,498602066937,,428358949100972490,true
1740750826,3357565,HH0,3357565_HH0,3357564_HH0,1740750826,497378231665,,428359446479204155,true
1740750831,3357566,HH0,3357566_HH0,3357565_HH0,1740750831,496918398026,,428359943397602181,true
1740750867,3357567,HH0,3357567_HH0,3357566_HH0,1740750867,497625500202,,428360441023102383,true
1740750875,3357568,HH0,3357568_HH0,3357567_HH0,1740750875,499851027952,,428360940874130335,true
1740751022,3357569,HH0,3357569_HH0,3357568_HH0,1740751022,500888729409,,428361441762859744,true
1740751048,3357570,HH0,3357570_HH0,3357569_HH0,1740751048,499485229970,,428361941248089714,true
1740751054,3357571,HH0,3357571_HH0,3357570_HH0,1740751054,499840237480,,428362441088327194,true
1740751234,3357572,HH0,3357572_HH0,3357571_HH0,1740751234,500768957338,,428362941857284532,true
1740751320,3357573,HH0,3357573_HH0,3357572_HH0,1740751320,500771040708,,428363442628325240,true
1740751641,3357574,HH0,3357574_HH0,3357573_HH0,1740751641,500821685355,,428363943450010595,true
1740751886,3357575,HH0,3357575_HH0,3357574_HH0,1740751886,501208222671,,428364444658233266,true
1740751992,3357576,HH0,3357576_HH0,3357575_HH0,1740751992,500760261807,,428364945418495073,true
1740752056,3357577,HH0,3357577_HH0,3357576_HH0,1740752056,499157581998,,428365444576077071,true
1740752083,3357578,HH0,3357578_HH0,3357577_HH0,1740752083,499490943037,,428365944067020108,true
1740752294,3357579,HH0,3357579_HH0,3357578_HH0,1740752294,499182486139,,428366443249506247,true
1740752315,3357580,HH0,3357580_HH0,3357579_HH0,1740752315,499861183296,,428366943110689543,true
1740752551,3357581,HH0,3357581_HH0,3357580_HH0,1740752551,501845530453,,428367444956219996,true
1740752671,3357582,HH0,3357582_HH0,3357581_HH0,1740752671,501435212854,,428367946391432850,true
1740752689,3357583,HH0,3357583_HH0,3357582_HH0,1740752689,501380749481,,428368447772182331,true
1740752740,3357584,HH0,3357584_HH0,3357583_HH0,1740752740,502203128716,,428368949975311047,true
1740752743,3357585,HH0,3357585_HH0,3357584_HH0,1740752743,502796516239,,428369452771827286,true
1740752747,3357586,HH0,3357586_HH0,3357585_HH0,1740752747,502387910703,,428369955159737989,true
1740753262,3357587,HH0,3357587_HH0,3357586_HH0,1740753262,500031208606,,428370455190946595,true
1740753319,3357588,HH0,3357588_HH0,3357587_HH0,1740753319,500060454702,,428370955251401297,true
1740753374,3357589,HH0,3357589_HH0,3357588_HH0,1740753374,500026915359,,428371455278316656,true
1740753581,3357590,HH0,3357590_HH0,3357589_HH0,1740753581,499724238259,,428371955002554915,true
1740753643,3357591,HH0,3357591_HH0,3357590_HH0,1740753643,501020648808,,428372456023203723,true
1740753798,3357592,HH0,3357592_HH0,3357591_HH0,1740753798,501927027595,,428372957950231318,true
1740753809,3357593,HH0,3357593_HH0,3357592_HH0,1740753809,502183313308,,428373460133544626,true
1740753917,3357594,HH0,3357594_HH0,3357593_HH0,1740753917,499956406579,,428373960089951205,true
1740753959,3357595,HH0,3357595_HH0,3357594_HH0,1740753959,500605483147,,428374460695434352,true
1740754230,3357596,HH0,3357596_HH0,3357595_HH0,1740754230,500817492506,,428374961512926858,true
1740754237,3357597,HH0,3357597_HH0,3357596_HH0,1740754237,501289481297,,428375462802408155,true
1740754589,3357598,HH0,3357598_HH0,3357597_HH0,1740754589,500765345336,,428375963567753491,true
1740754596,3357599,HH0,3357599_HH0,3357598_HH0,1740754596,500460008532,,428376464027762023,true
1740754609,3357600,HH0,3357600_HH0,3357599_HH0,1740754609,500708088595,,428376964735850618,true
1740754621,3357601,HH0,3357601_HH0,3357600_HH0,1740754621,503272832996,,428377468008683614,true
1740754664,3357602,HH0,3357602_HH0,3357601_HH0,1740754664,504926375975,,428377972935059589,true
1740754741,3357603,HH0,3357603_HH0,3357602_HH0,1740754741,505313840837,,428378478248900426,true
1740754850,3357604,HH0,3357604_HH0,3357603_HH0,1740754850,505700226377,,428378983949126803,true
1740755125,3357605,HH0,3357605_HH0,3357604_HH0,1740755125,508107294595,,428379492056421398,true
1740755142,3357606,HH0,3357606_HH0,3357605_HH0,1740755142,509059885652,,428380001116307050,true
1740755199,3357607,HH0,3357607_HH0,3357606_HH0,1740755199,508679108261,,428380509795415311,true
1740755287,3357608,HH0,3357608_HH0,3357607_HH0,1740755287,507210809261,,428381017006224572,true
1740755599,3357609,HH0,3357609_HH0,3357608_HH0,1740755599,508102691297,,428381525108915869,true
1740755798,3357610,HH0,3357610_HH0,3357609_HH0,1740755798,510082451213,,428382035191367082,true
1740756018,3357611,HH0,3357611_HH0,3357610_HH0,1740756018,509928314437,,428382545119681519,true
1740756053,3357612,HH0,3357612_HH0,3357611_HH0,1740756053,511013241906,,428383056132923425,true
1740756145,3357613,HH0,3357613_HH0,3357612_HH0,1740756145,510768573367,,428383566901496792,true
1740756291,3357614,HH0,3357614_HH0,3357613_HH0,1740756291,511863734088,,428384078765230880,true
1740756318,3357615,HH0,3357615_HH0,3357614_HH0,1740756318,512159126381,,428384590924357261,true
1740756323,3357616,HH0,3357616_HH0,3357615_HH0,1740756323,514102140367,,428385105026497628,true
1740756481,3357617,HH0,3357617_HH0,3357616_HH0,1740756481,513091783223,,428385618118280851,true
1740756752,3357618,HH0,3357618_HH0,3357617_HH0,1740756752,513740688521,,428386131858969372,true
1740756908,3357619,HH0,3357619_HH0,3357618_HH0,1740756908,511174267357,,428386643033236729,true
1740757397,3357620,HH0,3357620_HH0,3357619_HH0,1740757397,510436192386,,428387153469429115,true
1740757415,3357621,HH0,3357621_HH0,3357620_HH0,1740757415,509427964661,,428387662897393776,true
1740757550,3357622,HH0,3357622_HH0,3357621_HH0,1740757550,508651064406,,428388171548458182,true
1740757645,3357623,HH0,3357623_HH0,3357622_HH0,1740757645,508419007917,,428388679967466099,true
1740757722,3357624,HH0,3357624_HH0,3357623_HH0,1740757722,508025316681,,428389187992782780,true
1740758064,3357625,HH0,3357625_HH0,3357624_HH0,1740758064,508077921658,,428389696070704438,true
1740758177,3357626,HH0,3357626_HH0,3357625_HH0,1740758177,508060271281,,428390204130975719,true
1740758197,3357627,HH0,3357627_HH0,3357626_HH0,1740758197,507991877036,,428390712122852755,true
1740758257,3357628,HH0,3357628_HH0,3357627_HH0,1740758257,509302078440,,428391221424931195,true
1740758331,3357629,HH0,3357629_HH0,3357628_HH0,1740758331,510511754049,,428391731936685244,true
1740758469,3357630,HH0,3357630_HH0,3357629_HH0,1740758469,508129888782,,428392240066574026,true
1740758511,3357631,HH0,3357631_HH0,3357630_HH0,1740758511,508074900635,,428392748141474661,true
1740758642,3357632,HH0,3357632_HH0,3357631_HH0,1740758642,508008586774,,428393256150061435,true
1740758698,3357633,HH0,3357633_HH0,3357632_HH0,1740758698,507982432149,,428393764132493584,true
1740758781,3357634,HH0,3357634_HH0,3357633_HH0,1740758781,508821224636,,428394272953718220,true
1740758834,3357635,HH0,3357635_HH0,3357634_HH0,1740758834,506595608795,,428394779549327015,true
1740759001,3357636,HH0,3357636_HH0,3357635_HH0,1740759001,506938155098,,428395286487482113,true
1740759108,3357637,HH0,3357637_HH0,3357636_HH0,1740759108,507286603884,,428395793774085997,true
1740759113,3357638,HH0,3357638_HH0,3357637_HH0,1740759113,507489795634,,428396301263881631,true
1740759196,3357639,HH0,3357639_HH0,3357638_HH0,1740759196,506932899919,,428396808196781550,true
1740759281,3357640,HH0,3357640_HH0,3357639_HH0,1740759281,507323799593,,428397315520581143,true
1740759360,3357641,HH0,3357641_HH0,3357640_HH0,1740759360,507157753418,,428397822678334561,true
1740759522,3357642,HH0,3357642_HH0,3357641_HH0,1740759522,507368073401,,428398330046407962,true
1740759670,3357643,HH0,3357643_HH0,3357642_HH0,1740759670,508922652332,,428398838969060294,true
1740759757,3357644,HH0,3357644_HH0,3357643_HH0,1740759757,510582171145,,428399349551231439,true
1740759906,3357645,HH0,3357645_HH0,3357644_HH0,1740759906,509604347571,,428399859155579010,true
1740760327,3357646,HH0,3357646_HH0,3357645_HH0,1740760327,509914391631,,428400369069970641,true
1740760605,3357647,HH0,3357647_HH0,3357646_HH0,1740760605,511106049764,,428400880176020405,true
1740760859,3357648,HH0,3357648_HH0,3357647_HH0,1740760859,510487309435,,428401390663329840,true
1740761264,3357649,HH0,3357649_HH0,3357648_HH0,1740761264,511810023044,,428401902473352884,true
1740761298,3357650,HH0,3357650_HH0,3357649_HH0,1740761298,509652692470,,428402412126045354,true
1740761617,3357651,HH0,3357651_HH0,3357650_HH0,1740761617,509481679384,,428402921607724738,true
1740761694,3357652,HH0,3357652_HH0,3357651_HH0,1740761694,511015590300,,428403432623315038,true
1740761706,3357653,HH0,3357653_HH0,3357652_HH0,1740761706,511943973657,,428403944567288695,true
1740761811,3357654,HH0,3357654_HH0,3357653_HH0,1740761811,512198257902,,428404456765546597,true
1740761825,3357655,HH0,3357655_HH0,3357654_HH0,1740761825,511232839966,,428404967998386563,true
1740762003,3357656,HH0,3357656_HH0,3357655_HH0,1740762003,511336222702,,428405479334609265,true
1740762064,3357657,HH0,3357657_HH0,3357656_HH0,1740762064,511178604383,,428405990513213648,true
1740762089,3357658,HH0,3357658_HH0,3357657_HH0,1740762089,511996936920,,428406502510150568,true
1740762314,3357659,HH0,3357659_HH0,3357658_HH0,1740762314,512028150986,,428407014538301554,true
1740762406,3357660,HH0,3357660_HH0,3357659_HH0,1740762406,513254404725,,428407527792706279,true
1740762541,3357661,HH0,3357661_HH0,3357660_HH0,1740762541,513507033365,,428408041299739644,true
1740762589,3357662,HH0,3357662_HH0,3357661_HH0,1740762589,516466617397,,428408557766357041,true
1740762591,3357663,HH0,3357663_HH0,3357662_HH0,1740762591,513341478114,,428409071107835155,true
1740762938,3357664,HH0,3357664_HH0,3357663_HH0,1740762938,513475587062,,428409584583422217,true
1740763169,3357665,HH0,3357665_HH0,3357664_HH0,1740763169,513229973489,,428410097813395706,true
1740763248,3357666,HH0,3357666_HH0,3357665_HH0,1740763248,511785939919,,428410609599335625,true
1740763323,3357667,HH0,3357667_HH0,3357666_HH0,1740763323,511530464236,,428411121129799861,true
1740763590,3357668,HH0,3357668_HH0,3357667_HH0,1740763590,510458388103,,428411631588187964,true
1740763649,3357669,HH0,3357669_HH0,3357668_HH0,1740763649,514215139545,,428412145803327509,true
1740763722,3357670,HH0,3357670_HH0,3357669_HH0,1740763722,514291045172,,428412660094372681,true
1740763772,3357671,HH0,3357671_HH0,3357670_HH0,1740763772,514079666567,,428413174174039248,true
1740763777,3357672,HH0,3357672_HH0,3357671_HH0,1740763777,512745202151,,428413686919241399,true
1740763911,3357673,HH0,3357673_HH0,3357672_HH0,1740763911,513913033402,,428414200832274801,true
1740763919,3357674,HH0,3357674_HH0,3357673_HH0,1740763919,512124472312,,428414712956747113,true
1740764080,3357675,HH0,3357675_HH0,3357674_HH0,1740764080,512382241547,,428415225338988660,true
1740764249,3357676,HH0,3357676_HH0,3357675_HH0,1740764249,513036516235,,428415738375504895,true
1740764267,3357677,HH0,3357677_HH0,3357676_HH0,1740764267,513034838980,,428416251410343875,true
1740764300,3357678,HH0,3357678_HH0,3357677_HH0,1740764300,514795706092,,428416766206049967,true
1740764368,3357679,HH0,3357679_HH0,3357678_HH0,1740764368,514439602707,,428417280645652674,true
1740764414,3357680,HH0,3357680_HH0,3357679_HH0,1740764414,514129449140,,428417794775101814,true
1740764539,3357681,HH0,3357681_HH0,3357680_HH0,1740764539,512334699311,,428418307109801125,true
1740764911,3357682,HH0,3357682_HH0,3357681_HH0,1740764911,513039375012,,428418820149176137,true
1740764913,3357683,HH0,3357683_HH0,3357682_HH0,1740764913,513881002158,,428419334030178295,true
1740765055,3357684,HH0,3357684_HH0,3357683_HH0,1740765055,514819736541,,428419848849914836,true
1740765211,3357685,HH0,3357685_HH0,3357684_HH0,1740765211,514389313689,,428420363239228525,true
1740765283,3357686,HH0,3357686_HH0,3357685_HH0,1740765283,513345534066,,428420876584762591,true
1740765553,3357687,HH0,3357687_HH0,3357686_HH0,1740765553,515370698669,,428421391955461260,true
1740765650,3357688,HH0,3357688_HH0,3357687_HH0,1740765650,516064466069,,428421908019927329,true
1740765690,3357689,HH0,3357689_HH0,3357688_HH0,1740765690,516062495184,,428422424082422513,true
1740766012,3357690,HH0,3357690_HH0,3357689_HH0,1740766012,517210358958,,428422941292781471,true
1740766117,3357691,HH0,3357691_HH0,3357690_HH0,1740766117,518065133351,,428423459357914822,true
1740766360,3357692,HH0,3357692_HH0,3357691_HH0,1740766360,518426454481,,428423977784369303,true
1740766401,3357693,HH0,3357693_HH0,3357692_HH0,1740766401,517367610970,,428424495151980273,true
1740766567,3357694,HH0,3357694_HH0,3357693_HH0,1740766567,518014747482,,428425013166727755,true
1740766570,3357695,HH0,3357695_HH0,3357694_HH0,1740766570,517505605741,,428425530672333496,true
1740766774,3357696,HH0,3357696_HH0,3357695_HH0,1740766774,514006866524,,428426044679200020,true
1740767194,3357697,HH0,3357697_HH0,3357696_HH0,1740767194,516126025348,,428426560805225368,true
1740767289,3357698,HH0,3357698_HH0,3357697_HH0,1740767289,516791970387,,428427077597195755,true
1740767293,3357699,HH0,3357699_HH0,3357698_HH0,1740767293,520541112489,,428427598138308244,true
1740767378,3357700,HH0,3357700_HH0,3357699_HH0,1740767378,520160891526,,428428118299199770,true
1740767388,3357701,HH0,3357701_HH0,3357700_HH0,1740767388,518457330650,,428428636756530420,true
1740767594,3357702,HH0,3357702_HH0,3357701_HH0,1740767594,518285516735,,428429155042047155,true
1740767759,3357703,HH0,3357703_HH0,3357702_HH0,1740767759,518216229311,,428429673258276466,true
1740767786,3357704,HH0,3357704_HH0,3357703_HH0,1740767786,518803935949,,428430192062212415,true
1740768042,3357705,HH0,3357705_HH0,3357704_HH0,1740768042,518393339591,,428430710455552006,true
1740768160,3357706,HH0,3357706_HH0,3357705_HH0,1740768160,519131971079,,428431229587523085,true
1740768203,3357707,HH0,3357707_HH0,3357706_HH0,1740768203,519513431301,,428431749100954386,true
1740768402,3357708,HH0,3357708_HH0,3357707_HH0,1740768402,519909513969,,428432269010468355,true
1740768493,3357709,HH0,3357709_HH0,3357708_HH0,1740768493,520673500168,,428432789683968523,true
1740768643,3357710,HH0,3357710_HH0,3357709_HH0,1740768643,520206291554,,428433309890260077,true
1740768856,3357711,HH0,3357711_HH0,3357710_HH0,1740768856,520651378268,,428433830541638345,true
1740768895,3357712,HH0,3357712_HH0,3357711_HH0,1740768895,519463878903,,428434350005517248,true
1740769006,3357713,HH0,3357713_HH0,3357712_HH0,1740769006,520215611410,,428434870221128658,true
1740769188,3357714,HH0,3357714_HH0,3357713_HH0,1740769188,520297608535,,428435390518737193,true
1740769252,3357715,HH0,3357715_HH0,3357714_HH0,1740769252,519730245036,,428435910248982229,true
1740769572,3357716,HH0,3357716_HH0,3357715_HH0,1740769572,521117879673,,428436431366861902,true
1740769698,3357717,HH0,3357717_HH0,3357716_HH0,1740769698,522148184315,,428436953515046217,true
1740770233,3357718,HH0,3357718_HH0,3357717_HH0,1740770233,521000147003,,428437474515193220,true
1740770340,3357719,HH0,3357719_HH0,3357718_HH0,1740770340,520029988526,,428437994545181746,true
1740770394,3357720,HH0,3357720_HH0,3357719_HH0,1740770394,519611920985,,428438514157102731,true
1740770494,3357721,HH0,3357721_HH0,3357720_HH0,1740770494,520571562271,,428439034728665002,true
1740770513,3357722,HH0,3357722_HH0,3357721_HH0,1740770513,518114975885,,428439552843640887,true
1740770691,3357723,HH0,3357723_HH0,3357722_HH0,1740770691,517091292480,,428440069934933367,true
1740770995,3357724,HH0,3357724_HH0,3357723_HH0,1740770995,515392505573,,428440585327438940,true
1740771253,3357725,HH0,3357725_HH0,3357724_HH0,1740771253,514619219753,,428441099946658693,true
1740771323,3357726,HH0,3357726_HH0,3357725_HH0,1740771323,516777353016,,428441616724011709,true
1740771399,3357727,HH0,3357727_HH0,3357726_HH0,1740771399,515674593667,,428442132398605376,true
1740771645,3357728,HH0,3357728_HH0,3357727_HH0,1740771645,515231711855,,428442647630317231,true
1740771647,3357729,HH0,3357729_HH0,3357728_HH0,1740771647,515411112678,,428443163041429909,true
1740772100,3357730,HH0,3357730_HH0,3357729_HH0,1740772100,519795482974,,428443682836912883,true
1740772129,3357731,HH0,3357731_HH0,3357730_HH0,1740772129,521013926212,,428444203850839095,true
1740772422,3357732,HH0,3357732_HH0,3357731_HH0,1740772422,519781628442,,428444723632467537,true
1740772518,3357733,HH0,3357733_HH0,3357732_HH0,1740772518,523957725502,,428445247590193039,true
1740772647,3357734,HH0,3357734_HH0,3357733_HH0,1740772647,525251245031,,428445772841438070,true
1740772678,3357735,HH0,3357735_HH0,3357734_HH0,1740772678,523585394346,,428446296426832416,true
1740772704,3357736,HH0,3357736_HH0,3357735_HH0,1740772704,523155024742,,428446819581857158,true
1740772721,3357737,HH0,3357737_HH0,3357736_HH0,1740772721,523087781764,,428447342669638922,true
1740772730,3357738,HH0,3357738_HH0,3357737_HH0,1740772730,523467550849,,428447866137189771,true
1740772983,3357739,HH0,3357739_HH0,3357738_HH0,1740772983,525350854434,,428448391488044205,true
1740773067,3357740,HH0,3357740_HH0,3357739_HH0,1740773067,522964764691,,428448914452808896,true
1740773205,3357741,HH0,3357741_HH0,3357740_HH0,1740773205,521255530887,,428449435708339783,true
1740773266,3357742,HH0,3357742_HH0,3357741_HH0,1740773266,521037820227,,428449956746160010,true
1740773309,3357743,HH0,3357743_HH0,3357742_HH0,1740773309,522778457809,,428450479524617819,true
1740773318,3357744,HH0,3357744_HH0,3357743_HH0,1740773318,522631831999,,428451002156449818,true
1740773325,3357745,HH0,3357745_HH0,3357744_HH0,1740773325,522512514695,,428451524668964513,true
1740773336,3357746,HH0,3357746_HH0,3357745_HH0,1740773336,522400269462,,428452047069233975,true
1740773358,3357747,HH0,3357747_HH0,3357746_HH0,1740773358,522776760426,,428452569845994401,true
1740773535,3357748,HH0,3357748_HH0,3357747_HH0,1740773535,523151950883,,428453092997945284,true
1740773564,3357749,HH0,3357749_HH0,3357748_HH0,1740773564,523731708938,,428453616729654222,true
1740773751,3357750,HH0,3357750_HH0,3357749_HH0,1740773751,523832028326,,428454140561682548,true
1740773757,3357751,HH0,3357751_HH0,3357750_HH0,1740773757,522999133726,,428454663560816274,true
1740774114,3357752,HH0,3357752_HH0,3357751_HH0,1740774114,521939036753,,428455185499853027,true
1740774981,3357753,HH0,3357753_HH0,3357752_HH0,1740774981,522088798998,,428455707588652025,true
1740775204,3357754,HH0,3357754_HH0,3357753_HH0,1740775204,522147749462,,428456229736401487,true
1740775293,3357755,HH0,3357755_HH0,3357754_HH0,1740775293,521899941869,,428456751636343356,true
1740775576,3357756,HH0,3357756_HH0,3357755_HH0,1740775576,522775775448,,428457274412118804,true
1740775659,3357757,HH0,3357757_HH0,3357756_HH0,1740775659,522213111785,,428457796625230589,true
1740775664,3357758,HH0,3357758_HH0,3357757_HH0,1740775664,519705891319,,428458316331121908,true
1740775767,3357759,HH0,3357759_HH0,3357758_HH0,1740775767,521158484459,,428458837489606367,true
1740775848,3357760,HH0,3357760_HH0,3357759_HH0,1740775848,520589581613,,428459358079187980,true
1740776029,3357761,HH0,3357761_HH0,3357760_HH0,1740776029,520654483324,,428459878733671304,true
1740776101,3357762,HH0,3357762_HH0,3357761_HH0,1740776101,521022287583,,428460399755958887,true
1740776386,3357763,HH0,3357763_HH0,3357762_HH0,1740776386,519128897339,,428460918884856226,true
1740776478,3357764,HH0,3357764_HH0,3357763_HH0,1740776478,518575833966,,428461437460690192,true
1740776523,3357765,HH0,3357765_HH0,3357764_HH0,1740776523,518536309503,,428461955996999695,true
1740776561,3357766,HH0,3357766_HH0,3357765_HH0,1740776561,518319190492,,428462474316190187,true
1740776665,3357767,HH0,3357767_HH0,3357766_HH0,1740776665,518451776592,,428462992767966779,true
1740776719,3357768,HH0,3357768_HH0,3357767_HH0,1740776719,516995528438,,428463509763495217,true
1740776950,3357769,HH0,3357769_HH0,3357768_HH0,1740776950,516782888208,,428464026546383425,true
1740776985,3357770,HH0,3357770_HH0,3357769_HH0,1740776985,516552764786,,428464543099148211,true
1740777101,3357771,HH0,3357771_HH0,3357770_HH0,1740777101,516801216058,,428465059900364269,true
1740777106,3357772,HH0,3357772_HH0,3357771_HH0,1740777106,516355289451,,428465576255653720,true
1740777479,3357773,HH0,3357773_HH0,3357772_HH0,1740777479,514666088883,,428466090921742603,true
1740777533,3357774,HH0,3357774_HH0,3357773_HH0,1740777533,514848113688,,428466605769856291,true
1740778059,3357775,HH0,3357775_HH0,3357774_HH0,1740778059,517513815810,,428467123283672101,true
1740778265,3357776,HH0,3357776_HH0,3357775_HH0,1740778265,517940852513,,428467641224524614,true
1740778317,3357777,HH0,3357777_HH0,3357776_HH0,1740778317,518514953027,,428468159739477641,true
1740778498,3357778,HH0,3357778_HH0,3357777_HH0,1740778498,517184196648,,428468676923674289,true
1740778507,3357779,HH0,3357779_HH0,3357778_HH0,1740778507,516202832321,,428469193126506610,true
1740778584,3357780,HH0,3357780_HH0,3357779_HH0,1740778584,517346338767,,428469710472845377,true
1740778619,3357781,HH0,3357781_HH0,3357780_HH0,1740778619,515705617954,,428470226178463331,true
1740778781,3357782,HH0,3357782_HH0,3357781_HH0,1740778781,516288707502,,428470742467170833,true
1740778824,3357783,HH0,3357783_HH0,3357782_HH0,1740778824,516071014826,,428471258538185659,true
1740779144,3357784,HH0,3357784_HH0,3357783_HH0,1740779144,516228669764,,428471774766855423,true
1740779179,3357785,HH0,3357785_HH0,3357784_HH0,1740779179,516608363767,,428472291375219190,true
1740779429,3357786,HH0,3357786_HH0,3357785_HH0,1740779429,516991853180,,428472808367072370,true
1740779595,3357787,HH0,3357787_HH0,3357786_HH0,1740779595,516540412113,,428473324907484483,true
1740779824,3357788,HH0,3357788_HH0,3357787_HH0,1740779824,517634219908,,428473842541704391,true
1740779834,3357789,HH0,3357789_HH0,3357788_HH0,1740779834,517573825549,,428474360115529940,true
1740779932,3357790,HH0,3357790_HH0,3357789_HH0,1740779932,518222109691,,428474878337639631,true
1740780538,3357791,HH0,3357791_HH0,3357790_HH0,1740780538,519979473578,,428475398317113209,true
1740780813,3357792,HH0,3357792_HH0,3357791_HH0,1740780813,517755896896,,428475916073010105,true
1740780841,3357793,HH0,3357793_HH0,3357792_HH0,1740780841,517134634279,,428476433207644384,true
1740780847,3357794,HH0,3357794_HH0,3357793_HH0,1740780847,513568866738,,428476946776511122,true
1740781325,3357795,HH0,3357795_HH0,3357794_HH0,1740781325,512997152412,,428477459773663534,true
1740781390,3357796,HH0,3357796_HH0,3357795_HH0,1740781390,512746709592,,428477972520373126,true
1740781420,3357797,HH0,3357797_HH0,3357796_HH0,1740781420,512559193816,,428478485079566942,true
1740781721,3357798,HH0,3357798_HH0,3357797_HH0,1740781721,513485807560,,428478998565374502,true
1740781816,3357799,HH0,3357799_HH0,3357798_HH0,1740781816,512948478803,,428479511513853305,true
1740781905,3357800,HH0,3357800_HH0,3357799_HH0,1740781905,511090302583,,428480022604155888,true
1740781926,3357801,HH0,3357801_HH0,3357800_HH0,1740781926,509523059932,,428480532127215820,true
1740781990,3357802,HH0,3357802_HH0,3357801_HH0,1740781990,509867134790,,428481041994350610,true
1740782445,3357803,HH0,3357803_HH0,3357802_HH0,1740782445,509513546960,,428481551507897570,true
1740782682,3357804,HH0,3357804_HH0,3357803_HH0,1740782682,509063662238,,428482060571559808,true
1740782836,3357805,HH0,3357805_HH0,3357804_HH0,1740782836,510332720444,,428482570904280252,true
1740782992,3357806,HH0,3357806_HH0,3357805_HH0,1740782992,507900021384,,428483078804301636,true
1740783061,3357807,HH0,3357807_HH0,3357806_HH0,1740783061,507838294040,,428483586642595676,true
1740783327,3357808,HH0,3357808_HH0,3357807_HH0,1740783327,507271217035,,428484093913812711,true
1740783488,3357809,HH0,3357809_HH0,3357808_HH0,1740783488,506711753343,,428484600625566054,true
1740783540,3357810,HH0,3357810_HH0,3357809_HH0,1740783540,507076246533,,428485107701812587,true
1740783817,3357811,HH0,3357811_HH0,3357810_HH0,1740783817,508055232036,,428485615757044623,true
1740783865,3357812,HH0,3357812_HH0,3357811_HH0,1740783865,507996369579,,428486123753414202,true
1740784015,3357813,HH0,3357813_HH0,3357812_HH0,1740784015,508038080889,,428486631791495091,true
1740784045,3357814,HH0,3357814_HH0,3357813_HH0,1740784045,508042500543,,428487139833995634,true
1740784088,3357815,HH0,3357815_HH0,3357814_HH0,1740784088,507822696595,,428487647656692229,true
1740784376,3357816,HH0,3357816_HH0,3357815_HH0,1740784376,510320895792,,428488157977588021,true
1740784497,3357817,HH0,3357817_HH0,3357816_HH0,1740784497,511140678262,,428488669118266283,true
1740784567,3357818,HH0,3357818_HH0,3357817_HH0,1740784567,511771679713,,428489180889945996,true
1740784843,3357819,HH0,3357819_HH0,3357818_HH0,1740784843,511780529577,,428489692670475573,true
1740784895,3357820,HH0,3357820_HH0,3357819_HH0,1740784895,512025339875,,428490204695815448,true
1740785047,3357821,HH0,3357821_HH0,3357820_HH0,1740785047,513655349533,,428490718351164981,true
1740785077,3357822,HH0,3357822_HH0,3357821_HH0,1740785077,515784199946,,428491234135364927,true
1740785123,3357823,HH0,3357823_HH0,3357822_HH0,1740785123,515706399186,,428491749841764113,true
1740785141,3357824,HH0,3357824_HH0,3357823_HH0,1740785141,514971386105,,428492264813150218,true
1740785264,3357825,HH0,3357825_HH0,3357824_HH0,1740785264,515709991979,,428492780523142197,true
1740785268,3357826,HH0,3357826_HH0,3357825_HH0,1740785268,515130975803,,428493295654118000,true
1740785485,3357827,HH0,3357827_HH0,3357826_HH0,1740785485,515168719138,,428493810822837138,true
1740785515,3357828,HH0,3357828_HH0,3357827_HH0,1740785515,514312068598,,428494325134905736,true
1740785568,3357829,HH0,3357829_HH0,3357828_HH0,1740785568,508219832080,,428494833354737816,true
1740785730,3357830,HH0,3357830_HH0,3357829_HH0,1740785730,508020285627,,428495341375023443,true
1740785993,3357831,HH0,3357831_HH0,3357830_HH0,1740785993,507432090813,,428495848807114256,true
1740786066,3357832,HH0,3357832_HH0,3357831_HH0,1740786066,508526257291,,428496357333371547,true
1740786078,3357833,HH0,3357833_HH0,3357832_HH0,1740786078,509130798091,,428496866464169638,true
1740786292,3357834,HH0,3357834_HH0,3357833_HH0,1740786292,511270260935,,428497377734430573,true
1740786314,3357835,HH0,3357835_HH0,3357834_HH0,1740786314,511269486783,,428497889003917356,true
1740786469,3357836,HH0,3357836_HH0,3357835_HH0,1740786469,512002732730,,428498401006650086,true
1740786542,3357837,HH0,3357837_HH0,3357836_HH0,1740786542,511208345101,,428498912214995187,true
1740786754,3357838,HH0,3357838_HH0,3357837_HH0,1740786754,510903894045,,428499423118889232,true
1740786914,3357839,HH0,3357839_HH0,3357838_HH0,1740786914,508919742757,,428499932038631989,true
1740786979,3357840,HH0,3357840_HH0,3357839_HH0,1740786979,509795983773,,428500441834615762,true
1740787090,3357841,HH0,3357841_HH0,3357840_HH0,1740787090,511602021213,,428500953436636975,true
1740787104,3357842,HH0,3357842_HH0,3357841_HH0,1740787104,511826424765,,428501465263061740,true
1740787293,3357843,HH0,3357843_HH0,3357842_HH0,1740787293,511758717981,,428501977021779721,true
1740787780,3357844,HH0,3357844_HH0,3357843_HH0,1740787780,514154033247,,428502491175812968,true
1740788349,3357845,HH0,3357845_HH0,3357844_HH0,1740788349,512689742252,,428503003865555220,true
1740788531,3357846,HH0,3357846_HH0,3357845_HH0,1740788531,513526226996,,428503517391782216,true
1740788647,3357847,HH0,3357847_HH0,3357846_HH0,1740788647,515631442677,,428504033023224893,true
1740788661,3357848,HH0,3357848_HH0,3357847_HH0,1740788661,515875327966,,428504548898552859,true
1740788669,3357849,HH0,3357849_HH0,3357848_HH0,1740788669,513537127034,,428505062435679893,true
1740788714,3357850,HH0,3357850_HH0,3357849_HH0,1740788714,513768875108,,428505576204555001,true
1740788753,3357851,HH0,3357851_HH0,3357850_HH0,1740788753,512326236330,,428506088530791331,true
1740788754,3357852,HH0,3357852_HH0,3357851_HH0,1740788754,512252776123,,428506600783567454,true
1740789053,3357853,HH0,3357853_HH0,3357852_HH0,1740789053,513789616386,,428507114573183840,true
1740789339,3357854,HH0,3357854_HH0,3357853_HH0,1740789339,512880720095,,428507627453903935,true
1740789866,3357855,HH0,3357855_HH0,3357854_HH0,1740789866,514288901545,,428508141742805480,true
1740789879,3357856,HH0,3357856_HH0,3357855_HH0,1740789879,517320601665,,428508659063407145,true
1740790024,3357857,HH0,3357857_HH0,3357856_HH0,1740790024,519099269137,,428509178162676282,true
1740790124,3357858,HH0,3357858_HH0,3357857_HH0,1740790124,519269134347,,428509697431810629,true
